Partial,Epoch,Train acc,Train Action Loss,Train Location Loss,Train Baseline Loss,Parital,Epoch,Test Accuracy (%),Test Action Loss,Test Location Loss,Test Baseline Loss,Test Accuracy,Test ASD Accuracy,Test TD Accuracy
12,0,49.5,0.6933766350746154,2.83115043258667,0.4036110508441925,12,0,51.111111111111114,0.6935050235854254,3.155834988090727,0.4138696703231997,0.5111111111111111,1.0,0.0
12,1,54.4,0.6906829271316528,3.1339618072509765,0.4369684839248657,12,1,46.666666666666664,0.699464480082194,2.370170440938738,0.37416838655869167,0.4666666666666667,0.43478260869565216,0.5
12,2,55.2,0.6877042360305786,3.1236822805404665,0.4375478286743164,12,2,46.666666666666664,0.7047914120886061,2.266914251115587,0.369730618596077,0.4666666666666667,0.43478260869565216,0.5
12,3,55.7,0.6848555631637573,3.232192979812622,0.4358492121696472,12,3,46.666666666666664,0.711524670653873,2.4658525122536554,0.3654269446929296,0.4666666666666667,0.43478260869565216,0.5
12,4,55.3,0.6872677941322327,3.1589640064239504,0.42753922605514527,12,4,46.666666666666664,0.7058518158064948,2.511841505103641,0.3612371802330017,0.4666666666666667,0.43478260869565216,0.5
