Partial,Epoch,Train acc,Train Action Loss,Train Location Loss,Train Baseline Loss,Parital,Epoch,Test Accuracy (%),Test Action Loss,Test Location Loss,Test Baseline Loss,Test Accuracy,Test ASD Accuracy,Test TD Accuracy
12,0,53.1,0.6918214359283448,3.095537479400635,0.4321785762310028,12,0,46.666666666666664,0.6985590855280558,2.4153451124827066,0.3788726051648458,0.4666666666666667,0.38095238095238093,0.5416666666666666
12,1,52.4,0.6923002519607544,3.0698926973342897,0.42159589982032775,12,1,46.666666666666664,0.6960924254523383,2.7045672237873077,0.3745881403485934,0.4666666666666667,0.38095238095238093,0.5416666666666666
12,2,54.2,0.6898300647735596,3.1283364944458008,0.4304731273651123,12,2,46.666666666666664,0.7021799736552768,2.271680365006129,0.370320155719916,0.4666666666666667,0.38095238095238093,0.5416666666666666
