Partial,Epoch,Train acc,Train Action Loss,Train Location Loss,Train Baseline Loss,Parital,Epoch,Test Accuracy (%),Test Action Loss,Test Location Loss,Test Baseline Loss,Test Accuracy,Test ASD Accuracy,Test TD Accuracy
12,0,49.7,0.6933054437637329,1.4027951049804688,0.40520281267166136,12,0,51.111111111111114,0.6934807671440972,1.469889724254608,0.4138268722842137,0.5111111111111111,1.0,0.0
12,1,51.5,0.6932068405151367,1.4751892900466919,0.4144002447128296,12,1,46.666666666666664,0.6937103125784132,1.0962416738271714,0.3743596454461416,0.4666666666666667,0.43478260869565216,0.5
12,2,54.2,0.6912390012741089,1.5279059839248657,0.4300637755393982,12,2,46.666666666666664,0.6970130046208699,1.2122317867146597,0.36980557988087337,0.4666666666666667,0.4782608695652174,0.45454545454545453
12,3,53.8,0.6985768156051636,1.4902145733833314,0.4216745381355286,12,3,48.888888888888886,0.7020127495129903,1.2806868145863215,0.3822012510564592,0.4888888888888889,0.0,1.0
12,4,52.6,0.6926363444328308,1.4551979598999023,0.40770582103729247,12,4,46.666666666666664,0.6962042450904846,1.3196343859036763,0.3615012109279633,0.4666666666666667,0.43478260869565216,0.5
12,5,54.2,0.6897567982673645,1.4635182600021361,0.41466200923919677,12,5,48.888888888888886,0.7124984867042965,1.45539434519079,0.37362518947985435,0.4888888888888889,0.0,1.0
