Partial,Epoch,Train acc,Train Action Loss,Train Location Loss,Train Baseline Loss,Parital,Epoch,Test Accuracy (%),Test Action Loss,Test Location Loss,Test Baseline Loss,Test Accuracy,Test ASD Accuracy,Test TD Accuracy
12,0,51.3,0.6927992606163025,2.931786285877228,0.4178926315307617,12,0,46.666666666666664,0.6951502799987793,2.4153568592336443,0.37887376149495444,0.4666666666666667,0.38095238095238093,0.5416666666666666
